-- --------------------------------------------------------
-- Host:                         127.0.0.1
-- Wersja serwera:               8.0.30 - MySQL Community Server - GPL
-- Serwer OS:                    Win64
-- HeidiSQL Wersja:              12.1.0.6537
-- --------------------------------------------------------

/*!40101 SET @OLD_CHARACTER_SET_CLIENT=@@CHARACTER_SET_CLIENT */;
/*!40101 SET NAMES utf8 */;
/*!50503 SET NAMES utf8mb4 */;
/*!40103 SET @OLD_TIME_ZONE=@@TIME_ZONE */;
/*!40103 SET TIME_ZONE='+00:00' */;
/*!40014 SET @OLD_FOREIGN_KEY_CHECKS=@@FOREIGN_KEY_CHECKS, FOREIGN_KEY_CHECKS=0 */;
/*!40101 SET @OLD_SQL_MODE=@@SQL_MODE, SQL_MODE='NO_AUTO_VALUE_ON_ZERO' */;
/*!40111 SET @OLD_SQL_NOTES=@@SQL_NOTES, SQL_NOTES=0 */;

-- Zrzucanie danych dla tabeli evo.achievements: ~51 rows (około)
DELETE FROM `achievements`;
INSERT INTO `achievements` (`Id`, `Name`, `Description`, `Requirement`, `Flags`, `Rank_Id`, `InOneRound`) VALUES
	(1, 'SCP-914 Testing', 'Użyj SCP-914 250 razy', 'Used914 > 249', 1, 1, 0),
	(2, 'SCIENCE!', 'Zagraj jako naukowiec 50 rund', 'PlayedClass6 > 49', 1, 2, 0),
	(3, 'Noble Scientist', 'Użyj SCP-500, SCP-268, SCP-207 lub jakiegokolwiek SCP-330 100 razy łącznie', '(Used500 + Used268 + Used207 + Used330) > 99', 1, 3, 0),
	(4, '5, 4, 3, 2, 1', 'Zgiń od dekontaminacji 20 razy', 'KIlledByDecontamination > 19', 1, 4, 0),
	(5, 'Experiment Alpha', 'Użyj MicroHID 30 razy', 'UsedMicrohid > 29', 1, 36, 0),
	(6, 'Professional Foundation Employee', 'Zabij 50 podmiotów SCP (wyłączając SCP-049-2)', '(KilledClass0 + KilledClass3 + KilledClass5 + KilledClass7 + KilledClass9 + KilledClass16) > 49', 1, 5, 0),
	(7, 'AAAAAAAAAAAAAAA', 'Zgiń od upadku 50 razy', ' KilledByFalldown > 49', 1, 6, 0),
	(8, 'Yessir!', 'Poprowadź jednostkę MTF jako kapitan 60 razy', 'PlayedClass12 > 59', 1, 7, 0),
	(9, 'Site-02 Maintenance Department', 'Aktywuj wszystkie generatory w jednej rundzie', 'GeneratorActivated > 2', 3, 8, 1),
	(10, 'Groundhog Day', 'Zgiń od dekontaminacji LCZ, upadku, SCP-207, i od eksplozji głowicy alfa w jednej rundzie', 'KilledByDecontamination > 0 &&  KilledByFalldown > 0 && KilledBySCP207 > 0 && KilledByNuke > 0', 1, 9, 1),
	(11, 'Command, target is secure', 'Zadaj 100000 obrażeń podmiotom SCP', 'DamageDoneToSCPS > 99999', 7, 10, 0),
	(12, 'We are cold, not cruel', 'Odblokuj wszystkie Osiągnięcia Fundacji', 'false', 1, 11, 0),
	(13, 'The Red Button', 'Uruchom głowicę alfa 75 razy', 'WarheadStart > 74', 1, 12, 0),
	(14, 'What the f*** are you guys doing?', 'Anuluj proces detonacji głowicy alfa 75 razy', 'WarheadStop > 74', 1, 13, 0),
	(15, 'RUN!', 'Ucieknij 75 razy', 'Escaped > 74', 1, 14, 0),
	(16, 'Convicted ', 'Zagraj jako klasa D 150 razy', 'PlayedClass1 > 149', 1, 15, 0),
	(17, 'Chaos, CHAOS!', 'Odrodź się jako agent Rebelii Chaosu 50 razy', '(PlayedClass8 + PlayedClass18 + PlayedClass19 + PlayedClass20) > 49', 1, 16, 0),
	(18, 'Lethal Rifleman', 'Traf 500 strzałów w głowę', 'Headshots > 499', 1, 17, 0),
	(19, 'Destroy Destroy Destroy', 'abij 3 podmioty SCP (poza 049-2) w jednej rundzie', '(KilledClass0 + KilledClass3 + KilledClass5 + KilledClass7 + KilledClass9 + KilledClass16) > 2', 3, 19, 1),
	(20, 'Feel the PAIN!', 'Otrzymaj 75000 punktów obrażeń', 'DamageTaken > 74999', 3, 20, 0),
	(21, 'Chaotic Da Vinci', 'Odródź się jako każdy agent Rebelii Chaosu 15 razy', 'PlayedClass8 > 14 && PlayedClass18 > 14 && PlayedClass19 > 14 && PlayedClass20 > 14', 7, 21, 0),
	(22, 'War Criminal', 'Zabij 10 osób w jednej rundzie jako człowiek', '(KilledClass1 + KilledClass4 + KilledClass6 + KilledClass8 + KilledClass11 + KilledClass12 + KilledClass13 + KilledClass15 + KilledClass18 + KilledClass19 + KilledClass20) > 9', 7, 22, 1),
	(23, 'Traitor from Alpha-1', '-', 'false', 1, 23, 0),
	(24, 'Serpent’s Hand Friends', 'Odródź się jako podmiot SCP (oprócz 049-2) 50 razy', '(PlayedClass0 + PlayedClass3 + PlayedClass5 + PlayedClass7 + PlayedClass9 + PlayedClass16) > 49', 1, 24, 0),
	(25, 'I am the Cure', 'Wskrześ 100 graczy jako SCP-049', 'SCP049Revived > 99', 1, 25, 0),
	(26, 'Linux Bad', 'Zdobądź 2500 doświadczenia łącznie jako SCP-079', 'SCP079ExpierienceCollected > 2499', 1, 26, 0),
	(27, 'Snap ', 'Skręć 250 karków jako SCP-173', 'SCP173NecksSnapped > 249', 1, 28, 0),
	(28, 'Yoink ', 'Złap 200 osób jako SCP-106', 'SCP106Captured > 199', 1, 29, 0),
	(29, 'Daddy, where are you?', 'Odródź się jako SCP-049-2 50 razy', 'PlayedClass10 > 49', 1, 30, 0),
	(30, 'Got’em!', 'Zabij 25 osób jako SCP-079', 'SCP079Kills > 24', 1, 31, 0),
	(31, 'Night Shift', 'Jako SCP-079 wyłącz światła na 10 minut łącznie', 'SCP079Blackouts > 39', 1, 32, 0),
	(32, 'Doc, where the F*** ARE WE?', 'Ucieknij z wymiaru łuzowego 50 razy', 'PocketEscapes > 49', 1, 33, 0),
	(33, 'The Box Metaphor', 'Zagraj jako każdy podmiot SCP 10 razy', 'PlayedClass0 > 9 && PlayedClass3 > 9 && PlayedClass5 > 9 && PlayedClass10 > 9 && PlayedClass7 > 9 && PlayedClass9 > 9 && PlayedClass16 > 9', 3, 34, 0),
	(34, 'Skynet ', 'Asystuj przy zabiciu 20 osób w jednej rundzie jako SCP-079', ' SCP079Assists > 19', 7, 35, 1),
	(35, 'XK-Class Event', 'Odblokuj wszystkie Osiągnięcia Anomalii', 'false', 1, 38, 0),
	(36, 'Mass Murderer', 'Zabij 1000 graczy', '(KilledClass0 + KilledClass1 + KilledClass2 + KilledClass3 + KilledClass4 + KilledClass5 + KilledClass6 + KilledClass7 + KilledClass8 + KilledClass9 + KilledClass10 + KilledClass11 + KilledClass12 + KilledClass13 + KilledClass15 + KilledClass16 + KilledClass17 + KilledClass18 + KilledClass19 + KilledClass20) > 999', 1, 39, 0),
	(37, 'Med Bay', 'Użyj leków, apteczek oraz adrenalin łącznie 300 razy', '(UsedMedkits + UsedAdrenaline + UsedPainkillers) > 299', 1, 40, 0),
	(38, 'Director of Heaven', 'Zgiń 750 razy', 'Deaths > 749', 1, 41, 0),
	(39, 'SHOW ME YOUR HANDS!', 'Skuj łącznie 250 osób', 'TimesCuffed > 249', 1, 42, 0),
	(40, 'Hello? Anyone there?', 'Użyj Interkomu 100 razy', 'UsedIntercom > 99', 1, 43, 0),
	(41, 'Cables. Lots of cables', 'Uruchom 200 generatorów', 'GeneratorActivated > 199', 1, 44, 0),
	(42, 'Papers, please', 'Otwórz 7500 drzwi', 'DoorsOpened > 7499', 3, 45, 0),
	(43, 'Mistaken Traveller', 'Zagraj 1000 rund', 'RoundsPlayed > 999', 1, 46, 0),
	(44, 'Time flies, huh?', 'Zagraj 300 godzin łącznie na serwerze', '(TimePlayedClass0 + TimePlayedClass1 + TimePlayedClass2 + TimePlayedClass3 + TimePlayedClass4 + TimePlayedClass5 + TimePlayedClass6 + TimePlayedClass7 + TimePlayedClass8 + TimePlayedClass9 + TimePlayedClass10 + TimePlayedClass11 + TimePlayedClass12 + TimePlayedClass13 + TimePlayedClass15 + TimePlayedClass16 + TimePlayedClass17 + TimePlayedClass18 + TimePlayedClass19 + TimePlayedClass20) > 1080000', 1, 47, 0),
	(45, 'What’s this?', ' Podnieś łącznie 5000 przedmiotów', 'ItemsPickedUp > 4999', 1, 48, 0),
	(46, 'Omnipotent Entity', 'Odródź się jako każda klasa w grze (poza Poradnikiem i obserwatorem) 30 razy', 'PlayedClass0 > 29 && PlayedClass1 > 29 && PlayedClass3 > 29 && PlayedClass4 > 29 && PlayedClass5 > 29 && PlayedClass6 > 29 && PlayedClass7 > 29 && PlayedClass8 > 29 && PlayedClass9 > 29 && PlayedClass10 > 29 && PlayedClass11 > 29 && PlayedClass12 > 29 && PlayedClass13 > 29 && PlayedClass15 > 29 && PlayedClass16 > 29 && PlayedClass18 > 29 && PlayedClass19 > 29', 1, 49, 0),
	(47, 'The Caesar Incident', 'Zgiń od głowicy alfa 20 razy', 'KIlledByNuke > 19', 7, 50, 0),
	(48, 'Lucky Boi', 'Przetrwaj rundę bez umierania (nie licząc gry jako SCP), runda musi trwać conajmniej 20 minut', 'false', 7, 51, 1),
	(49, 'Broken Masquerade', 'Zdobądź wszystkie widoczne osiągnięcia', 'false', 1, 52, 0),
	(50, 'Bureau of Control', 'Zdobądź wszystkie ukryte osiągnięcia', 'false', 1, 53, 0),
	(51, 'The End', 'Zdobądź wszystkie (włączając sekretne) osiągnięcia', 'false', 1, 54, 0);

-- Zrzucanie danych dla tabeli evo.ranks: ~54 rows (około)
DELETE FROM `ranks`;
INSERT INTO `ranks` (`Id`, `Name`, `Color`, `Rarity_Id`) VALUES
	(1, 'Lab Technician', NULL, 1),
	(2, 'Project Director', NULL, 1),
	(3, 'Junior Researcher', NULL, 2),
	(4, 'Contaminated', NULL, 1),
	(5, 'Employee of the Month', NULL, 3),
	(6, 'Foundation Astronaut', NULL, 1),
	(7, 'Veteran', NULL, 2),
	(8, 'Breach Technician', NULL, 3),
	(9, 'Death\'s Designer', NULL, 3),
	(10, 'MTF-Nu-7 "Hammer Down"', NULL, 3),
	(11, 'O5-1', NULL, 4),
	(12, 'Master of Disaster', NULL, 1),
	(13, 'Nuclear Engineer', NULL, 1),
	(14, 'Freedom Runner', NULL, 2),
	(15, 'Terrorist', NULL, 1),
	(16, 'Recruit', NULL, 1),
	(17, 'Steady Hand', NULL, 2),
	(18, 'Special Force', NULL, 3),
	(19, 'GOC Agent', NULL, 3),
	(20, 'Civilian Casualty', NULL, 2),
	(21, 'Chaotic Soldier', NULL, 2),
	(22, 'Fugative', NULL, 3),
	(23, 'Delta Commander', NULL, 4),
	(24, 'Reality Bender', NULL, 1),
	(25, 'Plague Doctor', NULL, 1),
	(26, 'Windows Enjoyer', NULL, 1),
	(27, 'Necromancy Overlord', NULL, 2),
	(28, 'Peanut', NULL, 1),
	(29, 'Old Man', NULL, 1),
	(30, 'Brainless Humanoid', NULL, 1),
	(31, 'The Gatekeeper', NULL, 2),
	(32, 'Saboteur', NULL, 1),
	(33, 'The Escapee', NULL, 2),
	(34, 'Decommissioned', NULL, 2),
	(35, 'Judgement Day', NULL, 3),
	(36, 'Mad Scientist', NULL, 1),
	(37, 'Incident Omega', NULL, 3),
	(38, 'The Scarlet King', NULL, 4),
	(39, 'Revenge Seeker', NULL, 1),
	(40, 'Good Patient', NULL, 1),
	(41, 'Ascended', NULL, 1),
	(42, 'Police Officer', NULL, 2),
	(43, 'Celebrity', NULL, 1),
	(44, 'Electrician', NULL, 2),
	(45, 'Border Guard', NULL, 1),
	(46, 'Pro Player', NULL, 3),
	(47, 'SCP-MISTAKEN', NULL, 2),
	(48, 'Hoarder', NULL, 2),
	(49, 'Type Green', NULL, 2),
	(50, 'Council of Liars', NULL, 3),
	(51, 'Four-Leafed Clover', NULL, 3),
	(52, 'A New World', NULL, 4),
	(53, 'Doctor Darling', NULL, 4),
	(54, 'Fritz Williams "The Administrator"', NULL, 5);

-- Zrzucanie danych dla tabeli evo.rankunlocks: ~1 rows (około)
DELETE FROM `rankunlocks`;
INSERT INTO `rankunlocks` (`Id`, `UserId`, `TimeUnlocked`, `Rank_Id`) VALUES
	(1, '76561198035545880@steam', '2023-02-26 18:33:01', 1);

-- Zrzucanie danych dla tabeli evo.rarities: ~5 rows (około)
DELETE FROM `rarities`;
INSERT INTO `rarities` (`Id`, `Name`, `Color`) VALUES
	(1, 'Common', 'silver'),
	(2, 'Uncommon', 'nickel'),
	(3, 'Rare', 'orange'),
	(4, 'Legendary', 'carmine'),
	(5, 'Secret', 'crimson');

-- Zrzucanie danych dla tabeli evo.stats: ~2 rows (około)
DELETE FROM `stats`;
INSERT INTO `stats` (`UserId`, `WarheadStart`, `WarheadStop`, `Escaped`, `PlayedClass0`, `PlayedClass1`, `PlayedClass2`, `PlayedClass3`, `PlayedClass4`, `PlayedClass5`, `PlayedClass6`, `PlayedClass7`, `PlayedClass8`, `PlayedClass9`, `PlayedClass10`, `PlayedClass11`, `PlayedClass12`, `PlayedClass13`, `PlayedClass15`, `PlayedClass16`, `PlayedClass17`, `PlayedClass18`, `PlayedClass19`, `PlayedClass20`, `TimePlayedClass0`, `TimePlayedClass1`, `TimePlayedClass2`, `TimePlayedClass3`, `TimePlayedClass4`, `TimePlayedClass5`, `TimePlayedClass6`, `TimePlayedClass7`, `TimePlayedClass8`, `TimePlayedClass9`, `TimePlayedClass10`, `TimePlayedClass11`, `TimePlayedClass12`, `TimePlayedClass13`, `TimePlayedClass15`, `TimePlayedClass16`, `TimePlayedClass17`, `TimePlayedClass18`, `TimePlayedClass19`, `TimePlayedClass20`, `KilledClass0`, `KilledClass1`, `KilledClass2`, `KilledClass3`, `KilledClass4`, `KilledClass5`, `KilledClass6`, `KilledClass7`, `KilledClass8`, `KilledClass9`, `KilledClass10`, `KilledClass11`, `KilledClass12`, `KilledClass13`, `KilledClass15`, `KilledClass16`, `KilledClass17`, `KilledClass18`, `KilledClass19`, `KilledClass20`, `KilledByDecontamination`, `KilledByNuke`, `KilledByFalldown`, `KilledBySCP207`, `KilledBySCP330`, `KilledByDisruptor`, `KilledByJailbird`, `GeneratorActivated`, `DamageDoneToSCPS`, `DamageDone`, `Used914`, `UsedIntercom`, `UsedMicrohid`, `Used268`, `Used500`, `UsedAdrenaline`, `UsedMedkits`, `UsedPainkillers`, `FiredBullets`, `MissedBullets`, `Headshots`, `CuffedPlayers`, `TimesCuffed`, `DamageTaken`, `SCP079Blackouts`, `SCP079ExpierienceCollected`, `PocketEscapes`, `SCP106Captured`, `SCP049Revived`, `SCP173NecksSnaped`, `ItemsPickedUp`, `Deaths`, `DoorsOpened`, `RoundsPlayed`, `Used207`, `Thrown018`, `GrenadesThrown`, `FlashesThrown`, `SCP079Kills`, `SCP079Assists`, `Taken330`, `Used330`) VALUES
	('76561198035545880@steam', 0, 0, 2, 0, 0, 0, 0, 2, 0, 0, 0, 0, 0, 0, 0, 0, 0, 2, 0, 0, 0, 0, 0, 0, 0, 0, 0, 7.18821, 0, 25.5626, 0, 0, 0, 0, 0, 0, 0, 0, 0, 0, 0, 0, 0, 0, 0, 0, 0, 0, 0, 0, 0, 0, 0, 0, 0, 0, 0, 0, 0, 0, 0, 0, 0, 0, 0, 0, 0, 0, 0, 0, 0, 0, 0, 0, 0, 0, 0, 0, 0, 0, 0, 0, 0, 0, 0, 0, 0, 0, 0, 0, 0, 0, 0, 0, 0, 0, 2, 0, 0, 0, 0, 0, 0, 0, 0),
	('test', 1, 0, 0, 0, 0, 0, 0, 0, 0, 0, 0, 0, 0, 0, 0, 0, 0, 0, 0, 0, 0, 0, 0, 0, 0, 0, 0, 0, 0, 0, 0, 0, 0, 0, 0, 0, 0, 0, 0, 0, 0, 0, 0, 0, 0, 0, 0, 0, 0, 0, 0, 0, 0, 0, 0, 0, 0, 0, 0, 0, 0, 0, 0, 0, 0, 0, 0, 0, 0, 0, 0, 0, 0, 0, 0, 0, 0, 0, 0, 0, 0, 0, 0, 0, 0, 0, 0, 0, 0, 0, 0, 0, 0, 0, 0, 0, 0, 0, 0, 0, 0, 0, 0, 0, 0);

-- Zrzucanie danych dla tabeli evo.__migrationhistory: ~5 rows (około)
DELETE FROM `__migrationhistory`;
INSERT INTO `__migrationhistory` (`MigrationId`, `ContextKey`, `Model`, `ProductVersion`) VALUES
	('202302231633012_Init', 'Xname.EVO.Migrations.Configuration', _binary 0x1f8b080000000000000bcd9dcb72e3361686f7a9ca3ba8b4ee9882e49bbae4a4dc929df424be54cbdd335b98842c9679d110a0c77ab659cc23e515028a120980005b004ea5a6b2681b87fc0882ff0140e9cff19ffffddfec97f73419bc9182c67976354427a3e18064611ec5d9cbd5b064ab9f2e87bffcfce30fb39b287d1f7c3b1c37a98ee36766f46ab8666cf3310868b82629a627691c1639cd57ec24ccd3004779301e8da6014201e18821670d06b32f65c6e294ec7ee1bfcef32c241b56e2e42e8f4842f7ed3cb2dc5107f738257483437235fc57c67f3eb9f9f670b2c00c3f634a8683eb24c6bc274b92ac86039c6539c38cf7f3e3574a96acc8b397e58637e0e469bb21fcb8154eaab376fdffd81e7eecad8cc6d5ad04ed890754585296a7964034d98f4da09eee34c2c366ecf8e8ddf05166dbeaae77237835bc79cb971c4e8703f5621fe749511d280ef0e1e80f83a6ed43a3012e95eabf0f837999b0b2205719295981930f83c7f23989c3dfc9f6297f25d955562689d82bde2f1e931a78d363916f48c1b65fc86adf57fef08acfd17010c8e706eac9cda9ca79f5ddf0e7cfa53c1cdce1f73f48f6c2d65ce4e3cbe1e0367e27d1a1652f88af59cc95cf4f6245c97fbde71dc7cf0969e241ef75ff898b35c1111fb1821daefe396393b13b29dff8816e68883724f2833c26784ba27982291d81911018690c469a80914ec1486760a47330d20518e9128c34855326a0c8e1548ee0648ee0748ee0e489e0f489e0048ae0148ae0243af694e813df7ae966f5255f2913fb854fc12158dc18163781c59dc2e2ce6071e7b0b80b58dc252c6e0a2c63e8b400ce0b049c1808383310b09611b09811b09a11b09c11b09ec7be7afe3d4e1298f70081e4b94312489e1b2481e4b93f12489eef0102c973a325903cf75902c9739b25903c775902c97393252a1350e4702af77d0f1051703af77d0f105170faf47d0f1051700af57d0f10a73c10897eda2e4898670ca771b6ffdc11027a5fbe1218d22d4e9228ff0f50bf96f3c7f10844193bd66402f510625a941b961730b87fe038798e0bcfcffe7e25192930efd475c8e237cc7c3f4b5ce014bf90459e91a79c0fde128ae6c7f94a4934459e8b7505e1679222cc537fd25df519ff3af61cee8a343ef79cbb2ac8d9c853e515e43a2a48869318e271dd91e835aebec7f0053de2387bad72a6f084ddc605cf3b7e0ef1edd65d4c2910ea378223bace7d31f372b5e24355bd4cf80e53f556426b1e44f23fe157e2b930f079687431fd94e0f0352f7d47aa86ddbc6f6252c4240bc93ce78f31f49e381ff3f095b0fafb1cff2ea2d1f91c6faa6fed3cbb55ddeee9f40b798bdf0050e862724fc257baccfcbfb5facc484a1f633e6ad157cf6fd11604b3b5e7a02ff2bca00f1bbe9c7aded797bccc225abfd7032c0ebe3ba1a775c1776623dffdf1afd5ca10115ae33c2762be355ec3a0ea6caeb65420d3c235a531f59d6176339ef7aeb37af8969059d0da09ba268379f506c197f6a2751a2c9eab46f2ce346e037efdbde180eebf6e97bb5b439784758c0b6d276ac3c7491bd2f5b6e957eb29096a53c9c17c1218dc27b33bbcd9c4d98be046d9b70c96b51565fed3d2dea391d68c20a41aab46d3dbe64a7cefcd973925ca2fcd7bca771c94b526987994760e939e8261840f9752065a3568b4e37e38a1fab93ea9ebc9393171da51bce53796928cedee9134dd31776177f232c4092e0c960fbed89669d6671fe9a3c8060e9125471c889591430bac02c7f31a3f87c86a1a8fe7c85ffe893039e24444462272248e8dc4b1237162244e1c89a746e2a923f1cc483c73249e1b89e78ec40b23f1c2917869245e3a12a746e2d455e1e6a441ce59d39336ae7983cc89835c3307995307b9e60e324b1db96a1d99c58e5cd58ecc7247ae7a4766c12357c523b3e491abe6c766cd8fad34df359f88d86ed4998c7ac95639d5b5a4f490ad32abeb4ee9215be557d7a8d243b65aa3ba9e951eb255fe76ed2b3d64ab2cee3a597ac856b9dc35b5f490ad32baeb6fe9215be5b5c6ead2972a5e59f89d34f4c943757dd384ddd9fda968b7d669ac317d6c9f9c51d73d4dd89ddd9f36766ba0c63ed3c7f6c91c753dd484ddd782fedcb15b1b658b8d8895234e4464245ae5a06cb93110ad324fb6de188856f9265b700c44ab354fb6e2188856792b5b720c44ab6c95ad3906a2558eca161d03d12a3365ab8e8168958f8a65c72471e7ace9491bd7bc51d72d25e4c634a78edd5aa5d87a4c4c57adabeb931272639ae56eb726298e1f13d355f1ea3aa484dce660b3e65dd61e8d19a84bd71c647f9dda1fa483d7117b62eb13d251dba83df9e019d2710f3127eaee2b1803751773787ead8f48fbe4dab03dbb3515e9d06df478b2ce6024b275f1e3e95dbb91c8ee465dc826a60dad3120295f60d48d769cd683a4c2da881db1f522a9c4366247dc799254d8aed18eb3b325a99c5da31d477426a9383166396e078f5267d80e013b9e6455529952f078aeec5a12a172e478a2e25e12914ae878a66063127942f3f12cc5cb24f29490dd3b61636a52df069b80edecb2f73675a7977de0785ec7e224323b415baedeedd4bd84fe388b4fa3650f94f469b41cb2ba03c90ca5f45a8ad98d8b608b52874208d9f554f147a99d55c2c7b315b394c85542161adebba624f9eedb2c28a26f4a428981e379b27d4a04ca11cbf54cdd1c368d167348eba4926690b6d96257a5d8a9a41d9512b3582b646395b458c821db1964efb0ea4e19fb802daf315a75894dc8e2c9348e2be9c134ad765ae9809ac62e6716285e19d59413745c39b2c927505d3e7d0e29f590e6ea8d534a7144cdf6eea4ef17ede9d895ea4386033e406f71545995eeb6cb7f273bffd0c9eec779c2570ad61e7187b3784528ab8bca0c2fab0a4452dd9fff9f1a3c01a5517264211ef979fd8d8571b2375c846b5c744be300d4bd89ab27e75ff5c605a3d4bc7141e86a2378721010670cc49900714e813867409c7320ce0510e712883385d22198a0a1148da0248da0348da0c488a0d488a0e488a0f488a00439f612a4a992cd2ac9b1370d81d2c6a0b40928ed149476064a3b07a55d80d22e41695358f50227036c3620d87440b0f98060258c60358c60458c60558c60653cf694b1ae6a8dcb4aa3ab59e3c9f1daf8e8ead57872bcf6f2ba5a359e1cafdd93ae4e8d27c76befa4ab51e3ab4330414329da6f2fafad4de30b8212a3df5e5e5b95c61704a547bfbdbcb61e8d3bc8588dc60729d6a2f1e1a895687c58721d1a4f92f0bff27a0dbd5a83c607a656a0716199ebcfb8d04cd567fc583e14a5f28c2b42ad3be3ca51abceb872849a33ae08a1e28c2ba25b6fc6795ce46a33ae184dad191794aed28c0b475b67c605d4a932e302d1d69871fd4c48a930e39ee0527d19178ca1ba8c3baaafb68cd36771baca328eddd3d49571bdd14e5519d72e696bcab8c0b415659c9425d593712274abc9b86074b5649ca77cbfbd4ca78e8cd36e415b45c6698a4d343564dc7356aa20e38eb996ebc7388db3523dc6f5715b21ec2ac7744b9bc8bd712a0d53fb0dae86d173cefb5df7d4bb704cd7fe300bc4bf6c345b101abfb488eaef1c657cc2e66f352df470cce76c951f069adf9cd8a3c321eafa4d188ef8185d172c5ee190f17048b844aa3f77f30d2765758be973b53b7c28d9a6645c3e247d4eb6e2fdce82feebefaae3c87d9e3d6caadf28c42df06ec6fc16c843f6a98c93a8e9f7ad464406442597fd6b02efd592f17fc9cbb621dd77acd826d07ef81684cfab11c9d81349370987d1876c89df884bdf78a6fc415e70b83d9858cc90ef3f0879d8678b18bf1438a57b467b3eff956b384adf7ffe0b382dd7f6e06b0000, '6.4.4'),
	('202302261430157_Db', 'Xname.EVO.Migrations.Configuration', _binary 0x1f8b0800000000000400ed9d5b6fe3b815c7df0bf43b087e2c6663d3b907c92e3c4eb29beee48238996e9f068cc4384264c92bc9698ca29fac0ffd48fd0a2575e555162f9949178305161351fc8997ff2129fb1c9ffffefb3fc73fbd2e22ef05a55998c42703b0351a7828f693208ce7278355fef8c3c1e0a71ffffca7e3b360f1ea7daeefdb26f7e19a71763278caf3e5d17098f94f6801b3ad45e8a749963ce65b7eb218c220198e47a3c3210043841103ccf2bce3db559c870b54fc81ff9c26b18f96f90a46974980a2acba8e4b6605d5bb820b942da18f4e06bfc5f8df5b679fafb74e610e1f608606de240a216ec90c458f030fc67192c31cb7f3e83e43b33c4de2f96c892fc0e86ebd44f8be4718915a45fb8fdadbfb766534265d19b6156b94bfcaf264a10904dbd5d80cf9ea46233c68c60e8fde191ee57c4d7a5d8ce0c960e23f85e8052d509c0f3cfe7947d32825f7d2634c55f8e035973f344ac08221ff7df0a6ab285fa5e82446ab3c85d107ef66f51085feaf687d973ca3f8245e4511dd36dc3a5cc65cc0976ed26489d27c7d8b1eab165f04036fc8d61bf2159b6a549db2231771be3d1e7857f8e1f02142cdd4539d9ee5498a7e46314a618e821b98e7288d09031583273c9d7b16f97ffd34ac356c3603ef12be7e42f13c7f3a19e07f0ebcf3f01505f595aa05f77188ad0c57cad315daf4905394f969b82c45f1c6cfba45bfafc2b492c81b3feb3c82f3ac790ab65e5a6fa45032751cf10abe84f36226f97ec0f879e0dda2a828cc9ec2a5f8882fe54de769b2b84d22d63e8ab22fb36495fa648213c50d77309da39c6dd6f1b035bc4e732c1fdfc70ec99ddf0df09b19e0348992d4fd533ac49b165d97c8b7505d5dde2a97ba2c88962eb3d46bf9d87e8a25f77ed7ec1f4ab35a2bdb7d1c25bec6fa56deff5d31b267e1936cda3eefcd3473870fe5e534a0e661f8988dc8f5b7d88bdb6917b662ae48baa8d1e5560bdb0ccf52d64fa9c5addf46a4b5087485ba513c607cd04b3c9b04c03df76f307d4230c02396e69b4ca5272959da81ce321f2ed146c3ed86dc44708d826904b36ce48c049c91c6ce48dbce483bce48bbce487bce48fbce4807ce4887ee94e950e4ee540edcc91cb8d33970274fe04e9fc09d40813b850277121d5b4a949c6f64abfa0cef9491fec6c7e1805bdcd82d6edb2d6ec72d6ed72d6ecf2d6edf2deec02deed0b18c5d9b8563bb008e0d0338b60ce058cbc0b19881633503c772068ef53cb6d5f3af6114b9790fa0489627248a647940a24896e7238a64f91e40912c0f5a14c9f29c45912c8f5914c9f29445912c0f59b4321d8adc9dca6ddf0368943b9ddbbe07d02877fab47d0fa051ee146afb1e402f794e24fa717d8afc24cee1228c21fda5ab1df46af58cdc90ce611405c93f1cb56b36bd198f9c28a3606d6fbb9a84304b57cbbcfd12c30ef75718460f616af9d95ff5117e924efc3c7c219fe5dbf14ee102ced16912a3bb040fdecc15cd8e739fa1e010586ed604826ba2d44f16f6a44be2f5f2145a0e37218df72cd72e02d91d59aa9c4026418a6218852ea6eb1205cf619ed9836e60183f139b492d61e7618aed0ed741b6cdba0cb3cc11ea170483ec29b1c54c578f8f78a8c8cb84ed3091b792ace4b930fe3bf88c2c3706bc0e8df60f3f46d07f4e56b62355c2ce5e97214a4314fb689ae069f4ad17ce1bf225655e7e9f63df4430da9bc225f9d6ceb259a4bb3b87b7e8257c718002fbdb57c87fce66b1fdb75617395a643721f96af7def25bb45304f327cb413f4d9234bb5ee2edd4b25fb7c92a0eb2f2bddec1e6607b12ba7b4af1c96c647b3efe99ec0c01ca4a9ce5428c8fc64f6e50a53593239593656192656166bbc2142b9ef5a9934cbe2644ed5eb05a50ce05824fe34556383ed6dfaa6bfae192ba0efc0fbcfb384069b40ee339dd63768c2ed1e201a5b5c55ecc261f3f9d9d0ebccf305ae10b23614c99fb27d3bb8bcf67cddda0fbeeebab4f7fff727771f7a9ad31eeae313b9bde9edd3577ef8893534e037d110b2ef1c3629829df94da9f8e7dd8591c781dce75ebc669b5745db9c4a31e2ef138e3bb4e067f11da2ec7d56e2b0caef4b26381a3ad2dc0f790ea4d7727059f5755d3d40eb06dfb1827f2febd56bace6e1849ab8ef30e465d5322f53662db56bbb4e9cdb5cc4dc95da7cb35684a3eafc02f12b5719cbd24a70fe4227a95b9fae3d5ae5a65ea6588ef0081ce502e0a08afd6edb227938430162c8a7457c628876163656c1b2192d74f658e74b2c79713a26a443dc91b4095cf9880a8ae73b5a9c963dbd2f8f25277485c7d19dac6c5a9696b33dcc37e805a9e0ca01e72deef8ced538ffe8aaef762a7bb97aa7e8b15d57a56b81da3a05c9e368da5c138086e8ff2b9572e5cbd962eaedd8de6372841b658590c417d466ad6a7a6ec7858067755178e878a28b0e34bb85ce2530a1515565df1666548d8f487997eacd4a2640cfd4c1232d5b4b679529ea4f8e59a2b254ed6013a0fd32c6f83d1a6c142b88d598d15cb4afd28c9822bce58bde6d495c8bfcb8a627c1cb33a73a87630cf71ffc81d455791dc82c4da1e09d183114c25bed1f8457fb588dbbf79e1a96b93ffb3f5cb2bfd094cc4140d620afaf398a8289ac714f4e755914f34a9ba24328e87dc14f172180a7ae0ac93d7582f0596966e293dd9dad54373f26aef556c55a4058da82ebda3c9ac3671ebf9949d467acda8bce2f739b532d07a577760a6d5b1d7cc585595df667aeb80069a200f8ee8a2b0c12e348b2d7937135ebe59584eb514d2639615f5de768ad808129ac596181049248914480afaf39a80129ad55ceccf61bd8f69185b6244044aa2f0a15c4fe25849143eb4eb49dc5612b70d893b4ae28e21715749dc3524ee29897b86c47d2571df9078a0241e18120f95c4435385ab8d06185b4d87d998da0d501b0e30b51ca0361d606a3b402d7560aa75a0163b30553b50cb1d98ea1da8050f4c150fd49207a69a1fab353fd6d2bc18fdc21f864cf7203110a683ac6553624c4c0759cbb2c4f0980eb2967d8991321d64ad3d4a0c9ae9206bd9af183fd341d6b2623194a683ac65cb62544d0759cba2c5009b0eb2965d4b626dba4cc5ca0a3798a18d1df2fb9ba4d89cdd6d8a7a7b9d2436a78b6d6333fcbe27293667779b8dde1e2889dfe962db580ebf1f4a8acdf7826edbd1db1bd9181f1acb9618118192a865836ccc8f82a865796cec8f82a8656f6c0c9082a8b5e7b1b1400aa296ddb231410aa296b5b2b1410aa2968db231420aa29665b2b1420aa2963d7231432a891b5b4d87d998da0dbf6f7145664cb5e9e8ed555c5c918a69aa757e7fe28acc986ab9ebed495cc8918a69aa787e1fe28accd660b5e64df61e4934924897dca4ff9c324049062f4bf4896da0928cda96ea93eba02519b72e33a2163ea00a6a5166307f6d209374e6da627d761bd52443b7a5fdc9b208279a2d2bd7f8625e887762be9d174a4dc82aa6e6574c650414f7054679518fd30641f1b0b6448fd80643f1c4b6448f580445f1b0e2a21ea7888be239c5453d0e1d1ac5e3e832cd71ab83a48461ab0bf4784cac14cf640a355c4398b029c6438429e94fe4c2a7682457d49f49c551d13ceab2c677ed6c3015f39d3b5ba4f74ed84455f16f834d81eeea52055789cb4b55d09f27c458d14ca150972b0fb7121f21bf4fe3d36836088bf9349a2dd2ea01138dc5b59a29d31b172a2e8b1f0aaa48afa55c8016df58aeb83f9b8bd6627c25d8221da7b8326c8bf5872baf6950e8c02d06451768b8d631f15b8c6f1d53a2b99ff187c3e6a2c61ad28672312b487b59e354c5c57331272aae4ccb8d908eece2dc09e922dd15a40af112978caa409737a923bd446253a431334dc8173331cd553dad08a0e6e2d777fd611da94587af265c60a33f5773671fe74ae204cedba51816208e462fe7ae0a2273fd21c3d13c58af4d959fbb619bb41b334de2202c228b2e321215d84404f6ea29ef21af3df762e8445f97efea760db76ec9c0aba2238c1581110ef4a08a007967a29076d65a124214494f174f8520d46e9c0a4394448a7c6339284261fe186a102269f85b9aada9bad2fcdd44d254512c9b932c09612de52d030f77fd250c4848cbe57af67b54c86babf8e7340a8b1888fa8e4b18878f28cbcb90e3c101c918c5e4697a3f399386591644922820790cf7d74f2f109271dd98404033de9dfcbf7e4094c4f33250b48518e625324549d20e99a298ac42c5d8e9fea2446da2144288a0bd8803f47a32f86751e7c8bbf8ed4b55ed83779d62fd1f7923ef5fdd4dd7cb13f45d76cde74574661363c1b54735dd69ae2abec9444b7e87e0fb546b414c72d4fc31069ccdf3613ae4b21c30016e605ee480b949911f96492047ffff0bab24a8e56ba662895f60ea3fc1544cc6e220d38ac9ce27c9b36282e1b2ac982064bfc66fc9018e3863479c6d479c1d479c5d479c3d479c7d479c03479c43573a742668578a06ae240d5c691ab8122370a546e04a8ec0951e812b418ead04a9ca9df21825d09a069cd2c64e69db4e693b4e69bb4e697b4e69fb4e69074e69876ed5ebd818dc5a03706b0ec0ad3d00b712066e350cdc8a18b85531702be3b1a58c6579524c761a5996144b8ed5c1479621c592637596976547b1e4589d9e6499512c395667275956145b1d3a13b42b45db9de5a5d9506c41aec468779697e641b105b9d2a3dd595e9a01c51ca4cc7f6283a4b39fd870f8dc27362c36f3892589faf168aba1e7b39ed8c0f89c27262c75c613139a2adf891dcb86c2e53a3145f0994e4c397c9e13530e95e5c41441e538314588194e8cc785cd6f628a9164373141c9729b9870a4994d4c40425e13138834ab89e967425c4e13730367329a986014f94ccc515dd94c8c3e8b93e532316c9e2493896947853c26a64d926631318149739818298bc960624410f39718f99a48b297182ff9766719217389d169419ab7c468898d24594bcc6d96c959628e99b0194b8cc699cb57623add5a08d557e213c38418ad13ba66d60a8fffc1f18db910c4f40ab7e811a5c4490246d324cef2146fea8223fe4d1ac67eb88411db66eeb69ebe1d64001b205f728af032409c36e85ef5794ea7637c43e55c0c3675fe2dd282f49aa70d73cde488a0505ae9440c67bee77c58ce7bf7efaccba65fe9f6fc15265f27358aeddcd369353852df942aef7ae63b7f3ff9db4ebc3c3d8c98b7809f3a65fe974de95f4a57f19341f090e0c92e37a4ae2c1cd20c2dcafc3032ba3c27853475ccba23718c1cad487ea24e2bb321ab8caa038afc1cba696764f8af9f91861e69fae7df45c1f3eb0c1fa72678d84dbe71d2995ecd546f7c8a082cfb6e3acf29a3d74951ff7c5051ff2e6ae48c11235af052b98a89af6af9d729cac2798b20313a317e5fa717c9e69e8bf831a9176bae45f52dfcc7372887015e4127691e3e423fc7c53ec26f08f1bc494b77b678201f0e5eaff2e52ac75d468b87883104b2e6773dbf488cc3b6f9f8ba88b9c85c7401373324eebdd7f1c75518054dbbcf25ef100a04d94caa4f89c95ce6c49d79be6e4857c24fafa840d5f0357be01d5a2c230ccbaee3197c41266dc32f4a9fd01cfaeb9b2a2e490dd93c11ecb01f9f86709ec2455631dafaf84face160f1fae3ff0035563b2c639f0000, '6.4.4'),
	('202302261550051_Rarity', 'Xname.EVO.Migrations.Configuration', _binary 0x1f8b080000000000000bed9d5b6fe3b815c7df0bf43b087e2c6663d3b907c92e3c4eb29beee48238996e9f068cc4384264c92bc9698ca29fac0ffd48fd0a2575e555162f9949178305161351fc8997ff2129fb1c9ffffefb3fc73fbd2e22ef05a55998c42703b0351a7828f693208ce7278355fef8c3c1e0a71ffffca7e3b360f1ea7daeefdb26f7e19a71763278caf3e5d17098f94f6801b3ad45e8a749963ce65b7eb218c220198e47a3c3210043841103ccf2bce3db559c870b54fc81ff9c26b18f96f90a46974980a2acba8e4b6605d5bb820b942da18f4e06bfc5f8df5b679fafb74e610e1f608606de240a216ec90c458f030fc67192c31cb7f3e83e43b33c4de2f96c892fc0e86ebd44f8be4718915a45fb8fdadbfb766534265d19b6156b94bfcaf264a10904dbd5d80cf9ea46233c68c60e8fde191ee57c4d7a5d8ce0c960e23f85e8052d509c0f3cfe7947d32825f7d2634c55f8e035973f344ac08221ff7df0a6ab285fa5e82446ab3c85d107ef66f51085feaf687d973ca3f8245e4511dd36dc3a5cc65cc0976ed26489d27c7d8b1eab165f04036fc8d61bf2159b6a549db2231771be3d1e7857f8e1f02142cdd4539d9ee5498a7e46314a618e821b98e7288d09031583273c9d7b16f97ffd34ac356c3603ef12be7e42f13c7f3a19e07f0ebcf3f01505f595aa05f77188ad0c57cad315daf4905394f969b82c45f1c6cfba45bfafc2b492c81b3feb3c82f3ac790ab65e5a6fa45032751cf10abe84f36226f97ec0f879e0dda2a828cc9ec2a5f8882fe54de769b2b84d22d63e8ab22fb36495fa648213c50d77309da39c6dd6f1b035bc4e732c1fdfc70ec99ddf0df09b19e0348992d4fd533ac49b165d97c8b7505d5dde2a97ba2c88962eb3d46bf9d87e8a25f77ed7ec1f4ab35a2bdb7d1c25bec6fa56deff5d31b267e1936cda3eefcd3473870fe5e534a0e661f8988dc8f5b7d88bdb6917b662ae48baa8d1e5560bdb0ccf52d64fa9c5addf46a4b5087485ba513c607cd04b3c9b04c03df76f307d4230c02396e69b4ca5272959da81ce321f2ed146c3ed86dc44708d826904b36ce48c049c91c6ce48dbce483bce48bbce487bce48fbce4807ce4887ee94e950e4ee540edcc91cb8d33970274fe04e9fc09d40813b850277121d5b4a949c6f64abfa0cef9491fec6c7e1805bdcd82d6edb2d6ec72d6ed72d6ecf2d6edf2deec02deed0b18c5d9b8563bb008e0d0338b60ce058cbc0b19881633503c772068ef53cb6d5f3af6114b9790fa0489627248a647940a24896e7238a64f91e40912c0f5a14c9f29c45912c8f5914c9f29445912c0f59b4321d8adc9dca6ddf0368943b9ddbbe07d02877fab47d0fa051ee146afb1e402f794e24fa717d8afc24cee1228c21fda5ab1df46af58cdc90ce611405c93f1cb56b36bd198f9c28a3606d6fbb9a84304b57cbbcfd12c30ef75718460f616af9d95ff5117e924efc3c7c219fe5dbf14ee102ced16912a3bb040fdecc15cd8e739fa1e010586ed604826ba2d44f16f6a44be2f5f2145a0e37218df72cd72e02d91d59aa9c4026418a6218852ea6eb1205cf619ed9836e60183f139b492d61e7618aed0ed741b6cdba0cb3cc11ea170483ec29b1c54c578f8f78a8c8cb84ed3091b792ace4b930fe3bf88c2c3706bc0e8df60f3f46d07f4e56b62355c2ce5e97214a4314fb689ae069f4ad17ce1bf225655e7e9f63df4430da9bc225f9d6ceb259a4bb3b87b7e8257c718002fbdb57c87fce66b1fdb75617395a643721f96af7def25bb45304f327cb413f4d9234bb5ee2edd4b25fb7c92a0eb2f2bddec1e6607b12ba7b4af1c96c647b3efe99ec0c01ca4a9ce5428c8fc64f6e50a53593239593656192656166bbc2142b9ef5a9934cbe2644ed5eb05a50ce05824fe34556383ed6dfaa6bfae192ba0efc0fbcfb384069b40ee339dd63768c2ed1e201a5b5c55ecc261f3f9d9d0ebccf305ae10b23614c99fb27d3bb8bcf67cddda0fbeeebab4f7fff727771f7a9ad31eeae313b9bde9edd3577ef8893534e037d110b2ef1c3629829df94da9f8e7dd8591c781dce75ebc669b5745db9c4a31e2ef138e3bb4e067f11da2ec7d56e2b0caef4b26381a3ad2dc0f790ea4d7727059f5755d3d40eb06dfb1827f2febd56bace6e1849ab8ef30e465d5322f53662db56bbb4e9cdb5cc4dc95da7cb35684a3eafc02f12b5719cbd24a70fe4227a95b9fae3d5ae5a65ea6588ef0081ce502e0a08afd6edb227938430162c8a7457c628876163656c1b2192d74f658e74b2c79713a26a443dc91b4095cf9880a8ae73b5a9c963dbd2f8f25277485c7d19dac6c5a9696b33dcc37e805a9e0ca01e72deef8ced538ffe8aaef762a7bb97aa7e8b15d57a56b81da3a05c9e368da5c138086e8ff2b9572e5cbd962eaedd8de6372841b658590c417d466ad6a7a6ec7858067755178e878a28b0e34bb85ce2530a1515565df1666548d8f487997eacd4a2640cfd4c1232d5b4b679529ea4f8e59a2b254ed6013a0fd32c6f83d1a6c142b88d598d15cb4afd28c9822bce58bde6d495c8bfcb8a627c1cb33a73a87630cf71ffc81d455791dc82c4da1e09d183114c25bed1f8457fb588dbbf79e1a96b93ffb3f5cb2bfd094cc4140d620afaf398a8289ac714f4e755914f34a9ba24328e87dc14f172180a7ae0ac93d7582f0596966e293dd9dad54373f26aef556c55a4058da82ebda3c9ac3671ebf9949d467acda8bce2f739b532d07a577760a6d5b1d7cc585595df667aeb80069a200f8ee8a2b0c12e348b2d7937135ebe59584eb514d2639615f5de768ad808129ac596181049248914480afaf39a80129ad55ceccf61bd8f69185b6244044aa2f0a15c4fe25849143eb4eb49dc5612b70d893b4ae28e21715749dc3524ee29897b86c47d2571df9078a0241e18120f95c4435385ab8d06185b4d87d998da0d501b0e30b51ca0361d606a3b402d7560aa75a0163b30553b50cb1d98ea1da8050f4c150fd49207a69a1fab353fd6d2bc18fdc21f864cf7203110a683ac6553624c4c0759cbb2c4f0980eb2967d8991321d64ad3d4a0c9ae9206bd9af183fd341d6b2623194a683ac65cb62544d0759cba2c5009b0eb2965d4b626dba4cc5ca0a3798a18d1df2fb9ba4d89cdd6d8a7a7b9d2436a78b6d6333fcbe27293667779b8dde1e2889dfe962db580ebf1f4a8acdf7826edbd1db1bd9181f1acb9618118192a865836ccc8f82a865796cec8f82a8656f6c0c9082a8b5e7b1b1400aa296ddb231410aa296b5b2b1410aa2968db231420aa29665b2b1420aa2963d7231432a891b5b4d87d998da0dbf6f7145664cb5e9e8ed555c5c918a69aa757e7fe28acc986ab9ebed495cc8918a69aa787e1fe28accd660b5e64df61e4934924897dca4ff9c324049062f4bf4896da0928cda96ea93eba02519b72e33a2163ea00a6a5166307f6d209374e6da627d761bd52443b7a5fdc9b208279a2d2bd7f8625e887762be9d174a4dc82aa6e6574c650414f7054679518fd30641f1b0b6448fd80643f1c4b6448f580445f1b0e2a21ea7888be239c5453d0e1d1ac5e3e832cd71ab83a48461ab0bf4784cac14cf640a355c4398b029c6438429e94fe4c2a7682457d49f49c551d13ceab2c677ed6c3015f39d3b5ba4f74ed84455f16f834d81eeea52055789cb4b55d09f27c458d14ca150972b0fb7121f21bf4fe3d36836088bf9349a2dd2ea01138dc5b59a29d31b172a2e8b1f0aaa48afa55c8016df58aeb83f9b8bd6627c25d8221da7b8326c8bf5872baf6950e8c02d06451768b8d631f15b8c6f1d53a2b99ff187c3e6a2c61ad28672312b487b59e354c5c57331272aae4ccb8d908eece2dc09e922dd15a40af112978caa409737a923bd446253a431334dc8173331cd553dad08a0e6e2d777fd611da94587af265c60a33f5773671fe74ae204cedba51816208e462fe7ae0a2273fd21c3d13c58af4d959fbb619bb41b334de2202c228b2e321215d84404f6ea29ef21af3df762e8445f97efea760db76ec9c0aba2238c1581110ef4a08a007967a29076d65a124214494f174f8520d46e9c0a4394448a7c6339284261fe186a102269f85b9aada9bad2fcdd44d254512c9b932c09612de52d030f77fd250c4848cbe57af67b54c86babf8e7340a8b1888fa8e4b18878f28cbcb90e3c101c918c5e4697a3f399386591644922820790cf7d74f2f109271dd98404033de9dfcbf7e4094c4f33250b48518e625324549d20e99a298ac42c5d8e9fea2446da2144288a0bd8803f47a32f86751e7c8bbf8ed4b55ed83779d62fd1f7923ef5fdd4dd7cb13f45d76cde74574661363c1b54735dd69ae2abec9444b7e87e0fb546b414c72d4fc31069ccdf3613ae4b21c30016e605ee480b949911f96492047ffff0bab24a8e56ba662895f60ea3fc1544cc6e220d38ac9ce27c9b36282e1b2ac982064bfc66fc9018e3863479c6d479c1d479c5d479c3d479c7d479c03479c43573a742668578a06ae240d5c691ab8122370a546e04a8ec0951e812b418ead04a9ca9df21825d09a069cd2c64e69db4e693b4e69bb4e697b4e69fb4e69074e69876ed5ebd818dc5a03706b0ec0ad3d00b712066e350cdc8a18b85531702be3b1a58c6579524c761a5996144b8ed5c1479621c592637596976547b1e4589d9e6499512c395667275956145b1d3a13b42b45db9de5a5d9506c41aec468779697e641b105b9d2a3dd595e9a01c51ca4cc7f6283a4b39fd870f8dc27362c36f3892589faf168aba1e7b39ed8c0f89c27262c75c613139a2adf891dcb86c2e53a3145f0994e4c397c9e13530e95e5c41441e538314588194e8cc785cd6f628a9164373141c9729b9870a4994d4c40425e13138834ab89e967425c4e13730367329a986014f94ccc515dd94c8c3e8b93e532316c9e2493896947853c26a64d926631318149739818298bc960624410f39718f99a48b297182ff9766719217389d169419ab7c468898d24594bcc6d96c959628e99b0194b8cc699cb57623add5a08d557e213c38418ad13ba66d60a8fffc1f18db910c4f40ab7e811a5c4490246d324cef2146fea8223fe4d1ac67eb88411db66eeb69ebe1d64001b205f728af032409c36e85ef5794ea7637c43e55c0c3675fe2dd282f49aa70d73cde488a0505ae9440c67bee77c58ce7bf7efaccba65fe9f6fc15265f27358aeddcd369353852df942aef7ae63b7f3ff9db4ebc3c3d8c98b7809f3a65fe974de95f4a57f19341f090e0c92e37a4ae2c1cd20c2dcafc3032ba3c27853475ccba23718c1cad487ea24e2bb321ab8caa038afc1cba696764f8af9f91861e69fae7df45c1f3eb0c1fa72678d84dbe71d2995ecd546f7c8a082cfb6e3acf29a3d74951ff7c5051ff2e6ae48c11235af052b98a89af6af9d729cac2798b20313a317e5fa717c9e69e8bf831a9176bae45f52dfcc7372887015e4127691e3e423fc7c53ec26f08f1bc494b77b678201f0e5eaff2e52ac75d468b87883104b2e6773dbf488cc3b6f9f8ba88b9c85c7401373324eebdd7f1c75518054dbbcf25ef100a04d94caa4f89c95ce6c49d79be6e4857c24fafa840d5f0357be01d5a2c230ccbaee3197c41266dc32f4a9fd01cfaeb9b2a2e490dd93c11ecb01f9f86709ec2455631dafaf84face160f1fae3ff0035563b2c639f0000, '6.4.4'),
	('202302261713537_AutomaticMigration', 'Xname.EVO.Migrations.Configuration', _binary 0x1f8b080000000000000bed9d5b6fe3b815c7df0bf43b087e2c6663d3ce1dc92e324eb29beee48238996e9f068c443b4264c92bc96982a29fac0ffd48fd0a2575e555162f9949178301068928fec4cbff90947d4ece7ffffd9fa39f5e9691f78cd22c4ce2e301d81a0d3c14fb4910c68be3c13a9fffb03ff8e9c73fffe9e82c58be789febfb26e43e5c33ce8e078f79be3a1c0e33ff112d61b6b50cfd34c99279bee527cb210c92e178343a180230441831c02ccf3bba5dc779b844c52ff8d76912fb6895af6174990428caaaebb8645650bd2bb844d90afae878f05b8c7fde3afb7cbd750a73f8003334f04ea210e296cc50341f78308e931ce6b89d87f7199ae569122f662b7c014677af2b84ef9bc388d42ada7fd8dedeb72ba331e9cab0ad58a3fc7596274b4d2098546333e4ab1b8df0a0193b3c7a677894f357d2eb62048f0727fe63889ed112c5f9c0e39f77388d52722f3dc654850f5e73f943a3042c18f2ef83375d47f93a45c7315ae7298c3e7837eb8728f47f45af77c9138a8fe37514d16dc3adc365cc057ce9264d5628cd5f6fd1bc6af14530f0866cbd215fb1a946d5293b7211e793f1c0bbc20f870f116aa69eeaf42c4f52f4338a510a7314dcc03c47694c18a8183ce1e9dcb3c8fff5d3b0d6b0d90cbc4bf8f209c58bfcf178807f1c78e7e10b0aea2b550beee3105b19ae94a76bb4e921a728f3d370558ae28d9f758b7e5f87692591377ed679041759f3146cbdb4de48a164eaba8917f1758c6e9375dc48e063924408c69b4957f0395c149ae04704c64f03ef16454561f618aec4c67e296f3a4f93e56d12b19656947d9925ebd42752491437dcc1748172b65947c3d6843b0dbb7c7c1f8b26777e37e56f66cad3244a52f74fe9106f5a745d22df42757579ab5ceab2205abacc52afe563fb2996dcfb5db37f28cd6aad6cf77194f81aeb5b79ff77c5c89e85cfc469fbbc37d3cc1d3ede97d3809a87e1033b22d7df622f6ea75dd88ab922e9a246975b2d6c333c4b593fa516b77e1b91d622d015ea46f180f17e2ff1681eebfe06d34704033c6269bec9547a9292951de82cf3e10a6d34dc6ec84d045f51308d60968d9c918033d2d81969e28cb4ed8cb4e38cb4eb8cb4e78cb4ef8c74e04e990e45ee4ee5c09dcc813b9d0377f204eef409dc0914b853287027d1b1a544c9f946b6aacff04e19e96f7c1c0eb8c58ddde2266e71db6e713b6e71bb6e717b6e71fb6e71078e65ecda2c1cdb05706c18c0b16500c75a068ec50c1cab1938963370ace7b1ad9e7f0da3c8cd7b0045b23c215124cb031245b23c1f5124cbf7008a6479d0a24896e72c8a6479cca24896a72c8a6479c8a295e950e4ee546efb1e40a3dce9dcf63d8046b9d3a7ed7b008d72a750dbf7007ac97322d18fafa7c84fe21c2ec318d25fdfda41afd64fc80de91c465190fcc351bb66d39bf1c889320ad664e26a12c22c5daff2f64b0c3bdc5f61183d84a9e5677fd547f8497ae2e7e133f92cdf8e770a9770814e9318dd2578f066ae68769cfb0c0507c072b326105c13a57eb2b4275d12ff99c7d072b80969bc6bb97611c8cec852e5047212a4288651e862ba2e51f014e6993de80686f113b199d412761ea6d8ee701d64dbaccb30cb1ca17e4130c81e135bcc743d9fe3a1222f13b6c344de4ab292e7c2f8efe013b2dc18f03a34da3bf81841ff2959db8e54093b7b5985280d51eca36982a7d1b75e386fc8979479f97d8e7d13c168770a57e45b3bcb6691ee6e1fdca2e7f0d9010aec4dae90ff94cd62fb6fad2e72b4cc6e42f2d5eebde5b768a708e68f96837e9a246976bdc2dba965bf0abfb1ac7caf77b039d89e84ee1e537c321bd99e8f7f263b4380b21267b910e3a3f1a31b5469cde448e5645938c9b230b35d618a15cffad449265f13a2762f582f29e702c13bf2222b5c28eb6fd5353d7a495d07fe07de7d1ca0347a0de305dd63768c2ed1f201a5b5c55ecc4e3e7e3a3b1d789f61b4c61746c29832f79f4cef2e3e9f357783eebbafaf3efdfdcbddc5dda7b6c6b8bbc6ec6c7a7b76d7dcbd2d4e4e390df4452cb8c40f8b61a67c536a7f3af6616771e07538d7bd36eeafa5ebca251ef57085c719df753cf88bd07639ae765b6170a5971d0b1c6d6d01be87546fba3b29f8bcaa9aa676806ddbc7b8a3f7efb5d27576c3485a759c7730ea9a12a9b711dbb6daa54d6fae656e4aee3a5dae4153f279057e91a88de3ec39397d2017d18b2c6800af76d52a532f437c0708748672514078b56e973d992484b16051a4bb3246390c1b2b63db0891bc7e2a73a4933dbe9c105523ea49de00aa7cc60444759dab4d4d1edb96c69797ba43e2eacbd0362e4e4d5b9be11ef603d4f26400f590f37e676c9f7af45774bd173bddbd54f55baca8d6b3c2ed1805e5f2b4692c0dc641707b94cfbd72e1eab57471ed6e34bf4109b2c5ca6208ea3352b33e356547c3324cacba703454c4931d5dc2d50a9f52a8f8b2ea8a372b83cba63fccf4a3ae962563e86792e0aba6b5cd93f224c52fd75c2971b20ed0799866791bd6360d96c26dcc6aac5856ea4749165c71c6ea35a7ae447e2e2b8a9176cceacca1dac13cc7fd2377145d45720b126b7b24d80f463095f846e317fdf5326e7fe785a7ae4dfe67eb9757fa1398d82b1ac414f4e731f155348f29e8cfab62a8685275a93f838e9a62c69aba2ed28e86dc84f3e21a0aeae26c9d576c2f3d97eb86a590652b610f05cbabbd57e956711b34a2baf48e26b33a1258cfa7ec6cd36b46e515bfcfa99581d6670407665a1da2cd8c5555f96da6b70e8fa009f2508b2e0a1b3a43b3d8927733e1e57b8ae5544b213d665951ef6da7888d47a1596c890191c4a54881a4a03faf094fa159cdc5fe1cd6979986b1254644a0240a1ff1f5248e9544e123c09ec489923831246e2b89db86c41d2571c790b8ab24ee1a12f794c43d43e2be92b86f483c50120f4c15ae361a606c351d66636a37406d38c0d47280da7480a9ed00b5d481a9d6815aecc054ed402d7760aa77a0163c30553c504b1e986a7eacd6fc584bf3622c0d7f1832dd83c4b09a0eb2964d8911361d642dcb12836d3ac85af625c6dd7490b5f6283104a783ac65bf62344e0759cb8ac5c09c0eb2962d8b313a1d642d8b16c3753ac85a762d89dce932152b2bdc60863676c8ef6f92627376b729eaed7592489f2eb68dcdf0fb9ea4d89cdd6d367a7ba0241aa88b6d6339fc7e282936df0bba6d476f6f642386682c5b6244044aa2960db211440aa296e5b191440aa296bdb111450aa2d69ec7461629885a76cb461829885ad6ca461a29885a36ca461c29885a96c9461e29885af6c84520a9246e6c351d66636a37fcbec5159931d5a6a3b75771514a2aa6a9d6f9fd892b3263aae5aeb72771014c2aa6a9e2f97d882b325b83d59a37d97b24b14d225d7293fe73ca702719bc2cd127b6614f326a5baa4fae43a064dcbacc885a78942aa84599c1fcb56151d2996b8bf5d96d8c940cdd96f627cbe2a568b6ac5ce36b7e217a8af9ae5f283521ab989a5f3195f154dc1718e5453d4e1b52c5c3da123d621b5ac513db123d621162c5c38a8b7a9c22ca8ae71417f53874a0158fa3cb34c7ad0eb91286ad2ed0e33191573c9329d470346182b0187f13a6a43f910bc6a2915c517f26159545f3a8cb1adfb5b3a159cc77ee6c91de3b6113a3c5bf0d3605baab4b15aa252e2f55417f9e10b1453385425dae3c784b7c84fc3e8d4fa3d9902ee6d368b648ab074c6c17d76aa64c6f5ca8282f7e28a822bd9672e15e7c63b9620d573136f68bf195608b745cecca2030d6bbaebca641a1c3c018145da0e1a8c74483319e7a4c89e67ec61f0e9b8b1a6b481b18c6ac20ed658d5315171dc69ca8b8322da7443a4e8c734ea48b7457902a604c5c32aa025dde491d3726129b228d996902c8988969aeea6945003517bfbeeb0feb962d3a7c35c1071bfdb99a3bfb3857129772de2ec5200371347a3977551099eb0f198ee6c17a6daabce60ddba4dd986912076111a774919118c326beb0574f797f7bedb9170331fa3a9057b76b38894b065e156b61ac088c70a007553cc93b1385b4b3d6921062527aba782a04a176e35418a224eee41bcb411158f3c750831097c3dfd26c4dd595e6f7262ea78a89d99cfc490892296f1978b8ebcf614002642e5f67bf4785bcb68a1fa751584454d4775cc2389ca32c2f039807fb249315933feafde4721a66591049628ae411e15f3f594148c675633a02cde879f27ffd8028891765d8690b31cc97648a92a443324531d98e8ab1b34e6ef4902491fe9fb9a82d9d6a8910d67b1107e8e578f0cfa2cea177f1db97aada07ef3ac56674e88dbc7f758f805ef2a2efea6d3e76a2d3ad18ebb63df1e94e7355f14d265af2c711be4fb516c42471ce1f63c0d9e423a6432e4b4c13e006e645629a9b14f96199e372f4ffbfb04a6263be667e98f819a6fe234cc50c310ed2bf986ca092e42f26182ef58b09429622c092031c71c68e3813479c6d479c1d479c5d479c3d479c7d479c03573a742668578a06ae240d5c691ab8122370a546e04a8ec0951e812b418ead04a94ae8328f12684d034e6963a7b48953dab653da8e53daae53da9e53dabe53da815bf53a3606b7d600dc9a03706b0fc0ad84815b0d03b722066e550cdcca786c296359f216939d4696bac5926375f091a56db1e4589de565295b2c3956a72759ba164b8ed5d94996aac55687ce04ed4ad1766779698a165b902b31da9de5a5c9596c41aef468779697a66531072993b2d820e9942c361c3e218b0d8b4dc76249a2fea2b5d5d0f3a9586c607c221613963a0d8b094d9584c58e6543e112b09822f8f42ba61c3ef98a29874abd628aa012af9822c4b42bc6e3c2265d31c54852ae98a06409574c38d2742b262021d98a09449a6ac5f433212ed18ab9813369564c308a242be6a8ae142b469fc5c912ac18364f925ec5b4a3427215d3264953ab183978c812ab18298b49ab62441093aa98606429558c977cbbb38c904ec5e8b4204da662b4c44692542ae636cb245231c79cb069548cc6994ba2623add5a08d557e22786593a5a5f76cd541a1eff57d0394a9ffc1eb7688e52e22401a3691267798a3775c19fff260d633f5cc1886d33775b4fdf0e32800d902f39457819204e1b74affa3ca7d3bfbea1722e069b3aff16b94a7acdd386b96612575028ad1c278633df733e2ce7bdfb8fbfcba65fe93dfd15265f275f8beddcd3b93e3852df3c2fef7ae63bff0cf3b79d7879ce1a3199023f75caa4349b72d2941ee7c783e021c1935d6e485da941a4696394496b647479a20c693e9bd78e6c3672b422238b3ad7cd865437aa0e289286e8e6c291e1bf7e9a1c7aa4e9bf222f0a9e5f67f87037c1c3eee41b67c2e9d54cf5c6a708e4b2efa6f344377a9d14f5cfc726f5efa246221b3130062f95eb98f8aa96bf9da22c5cb40812ea13e3f7757a916ceeb988e749bd58732daa6fe13fbe41390cf00a7a92e6e11cfa392ef6117e4388174daebcb3e503f970f07a9dafd639ee325a3e448c219035bfebf945b61eb6cd47d745e846e6a20bb8992171efbd8e3faec32868da7d2e79875020c866527d4a4ce63227eecc8bd7867425fc051715a81abe660fbc43cb558461d9753c83cfc8a46df845e9135a40fff5a60a6f5243364f043bec47a7215ca47099558cb63efe156b3858befcf83f96294b4942a00000, '6.4.4'),
	('202302271452358_InOneRound', 'Xname.EVO.Migrations.Configuration', _binary 0x1f8b0800000000000400ed9d5b6fe3b815c7df0bf43b087e2c6663d3ce1dc92e324eb29beee48238996e9f068c443b4264c92bc96982a29fac0ffd48fd0a2575e555162f9949178301068928fec4cbff90947d4ece7ffffd9fa39f5e9691f78cd22c4ce2e301d81a0d3c14fb4910c68be3c13a9fffb03ff8e9c73fffe9e82c58be789febfb26e43e5c33ce8e078f79be3a1c0e33ff112d61b6b50cfd34c99279bee527cb210c92e178343a180230441831c02ccf3bba5dc779b844c52ff8d76912fb6895af6174990428caaaebb8645650bd2bb844d90afae878f05b8c7fde3afb7cbd750a73f8003334f04ea210e296cc50341f78308e931ce6b89d87f7199ae569122f662b7c014677af2b84ef9bc388d42ada7fd8dedeb72ba331e9cab0ad58a3fc7596274b4d2098546333e4ab1b8df0a0193b3c7a677894f357d2eb62048f0727fe63889ed112c5f9c0e39f77388d52722f3dc654850f5e73f943a3042c18f2ef83375d47f93a45c7315ae7298c3e7837eb8728f47f45af77c9138a8fe37514d16dc3adc365cc057ce9264d5628cd5f6fd1bc6af14530f0866cbd215fb1a946d5293b7211e793f1c0bbc20f870f116aa69eeaf42c4f52f4338a510a7314dcc03c47694c18a8183ce1e9dcb3c8fff5d3b0d6b0d90cbc4bf8f209c58bfcf178807f1c78e7e10b0aea2b550beee3105b19ae94a76bb4e921a728f3d370558ae28d9f758b7e5f87692591377ed679041759f3146cbdb4de48a164eaba8917f1758c6e9375dc48e063924408c69b4957f0395c149ae04704c64f03ef16454561f618aec4c67e296f3a4f93e56d12b19656947d9925ebd42752491437dcc1748172b65947c3d6843b0dbb7c7c1f8b26777e37e56f66cad3244a52f74fe9106f5a745d22df42757579ab5ceab2205abacc52afe563fb2996dcfb5db37f28cd6aad6cf77194f81aeb5b79ff77c5c89e85cfc469fbbc37d3cc1d3ede97d3809a87e1033b22d7df622f6ea75dd88ab922e9a246975b2d6c333c4b593fa516b77e1b91d622d015ea46f180f17e2ff1681eebfe06d34704033c6269bec9547a9292951de82cf3e10a6d34dc6ec84d045f51308d60968d9c918033d2d81969e28cb4ed8cb4e38cb4eb8cb4e78cb4ef8c74e04e990e45ee4ee5c09dcc813b9d0377f204eef409dc0914b853287027d1b1a544c9f946b6aacff04e19e96f7c1c0eb8c58ddde2266e71db6e713b6e71bb6e717b6e71fb6e71078e65ecda2c1cdb05706c18c0b16500c75a068ec50c1cab1938963370ace7b1ad9e7f0da3c8cd7b0045b23c215124cb031245b23c1f5124cbf7008a6479d0a24896e72c8a6479cca24896a72c8a6479c8a295e950e4ee546efb1e40a3dce9dcf63d8046b9d3a7ed7b008d72a750dbf7007ac97322d18fafa7c84fe21c2ec318d25fdfda41afd64fc80de91c465190fcc351bb66d39bf1c889320ad664e26a12c22c5daff2f64b0c3bdc5f61183d84a9e5677fd547f8497ae2e7e133f92cdf8e770a9770814e9318dd2578f066ae68769cfb0c0507c072b326105c13a57eb2b4275d12ff99c7d072b80969bc6bb97611c8cec852e5047212a4288651e862ba2e51f014e6993de80686f113b199d412761ea6d8ee701d64dbaccb30cb1ca17e4130c81e135bcc743d9fe3a1222f13b6c344de4ab292e7c2f8efe013b2dc18f03a34da3bf81841ff2959db8e54093b7b5985280d51eca36982a7d1b75e386fc8979479f97d8e7d13c168770a57e45b3bcb6691ee6e1fdca2e7f0d9010aec4dae90ff94cd62fb6fad2e72b4cc6e42f2d5eebde5b768a708e68f96837e9a246976bdc2dba965bf0abfb1ac7caf77b039d89e84ee1e537c321bd99e8f7f263b4380b21267b910e3a3f1a31b5469cde448e5645938c9b230b35d618a15cffad449265f13a2762f582f29e702c13bf2222b5c28eb6fd5353d7a495d07fe07de7d1ca0347a0de305dd63768c2ed1f201a5b5c55ecc4e3e7e3a3b1d789f61b4c61746c29832f79f4cef2e3e9f357783eebbafaf3efdfdcbddc5dda7b6c6b8bbc6ec6c7a7b76d7dcbd2d4e4e390df4452cb8c40f8b61a67c536a7f3af6616771e07538d7bd36eeafa5ebca251ef57085c719df753cf88bd07639ae765b6170a5971d0b1c6d6d01be87546fba3b29f8bcaa9aa676806ddbc7b8a3f7efb5d27576c3485a759c7730ea9a12a9b711dbb6daa54d6fae656e4aee3a5dae4153f279057e91a88de3ec39397d2017d18b2c6800af76d52a532f437c0708748672514078b56e973d992484b16051a4bb3246390c1b2b63db0891bc7e2a73a4933dbe9c105523ea49de00aa7cc60444759dab4d4d1edb96c69797ba43e2eacbd0362e4e4d5b9be11ef603d4f26400f590f37e676c9f7af45774bd173bddbd54f55baca8d6b3c2ed1805e5f2b4692c0dc641707b94cfbd72e1eab57471ed6e34bf4109b2c5ca6208ea3352b33e356547c3324cacba703454c4931d5dc2d50a9f52a8f8b2ea8a372b83cba63fccf4a3ae962563e86792e0aba6b5cd93f224c52fd75c2971b20ed0799866791bd6360d96c26dcc6aac5856ea4749165c71c6ea35a7ae447e2e2b8a9176cceacca1dac13cc7fd2377145d45720b126b7b24d80f463095f846e317fdf5326e7fe785a7ae4dfe67eb9757fa1398d82b1ac414f4e731f155348f29e8cfab62a8685275a93f838e9a62c69aba2ed28e86dc84f3e21a0aeae26c9d576c2f3d97eb86a590652b610f05cbabbd57e956711b34a2baf48e26b33a1258cfa7ec6cd36b46e515bfcfa99581d6670407665a1da2cd8c5555f96da6b70e8fa009f2508b2e0a1b3a43b3d8927733e1e57b8ae5544b213d665951ef6da7888d47a1596c890191c4a54881a4a03faf094fa159cdc5fe1cd6979986b1254644a0240a1ff1f5248e9544e123c09ec489923831246e2b89db86c41d2571c790b8ab24ee1a12f794c43d43e2be92b86f483c50120f4c15ae361a606c351d66636a37406d38c0d47280da7480a9ed00b5d481a9d6815aecc054ed402d7760aa77a0163c30553c504b1e986a7eacd6fc584bf3622c0d7f1832dd83c4b09a0eb2964d8911361d642dcb12836d3ac85af625c6dd7490b5f6283104a783ac65bf62344e0759cb8ac5c09c0eb2962d8b313a1d642d8b16c3753ac85a762d89dce932152b2bdc60863676c8ef6f92627376b729eaed7592489f2eb68dcdf0fb9ea4d89cdd6d367a7ba0241aa88b6d6339fc7e282936df0bba6d476f6f642386682c5b6244044aa2960db211440aa296e5b191440aa296bdb111450aa2d69ec7461629885a76cb461829885ad6ca461a29885a36ca461c29885a96c9461e29885af6c84520a9246e6c351d66636a37fcbec5159931d5a6a3b75771514a2aa6a9d6f9fd892b3263aae5aeb72771014c2aa6a9e2f97d882b325b83d59a37d97b24b14d225d7293fe73ca702719bc2cd127b6614f326a5baa4fae43a064dcbacc885a78942aa84599c1fcb56151d2996b8bf5d96d8c940cdd96f627cbe2a568b6ac5ce36b7e217a8af9ae5f283521ab989a5f3195f154dc1718e5453d4e1b52c5c3da123d621b5ac513db123d621162c5c38a8b7a9c22ca8ae71417f53874a0158fa3cb34c7ad0eb91286ad2ed0e33191573c9329d470346182b0187f13a6a43f910bc6a2915c517f26159545f3a8cb1adfb5b3a159cc77ee6c91de3b6113a3c5bf0d3605baab4b15aa252e2f55417f9e10b1453385425dae3c784b7c84fc3e8d4fa3d9902ee6d368b648ab074c6c17d76aa64c6f5ca8282f7e28a822bd9672e15e7c63b9620d573136f68bf195608b745cecca2030d6bbaebca641a1c3c018145da0e1a8c74483319e7a4c89e67ec61f0e9b8b1a6b481b18c6ac20ed658d5315171dc69ca8b8322da7443a4e8c734ea48b7457902a604c5c32aa025dde491d3726129b228d996902c8988969aeea6945003517bfbeeb0feb962d3a7c35c1071bfdb99a3bfb3857129772de2ec5200371347a3977551099eb0f198ee6c17a6daabce60ddba4dd986912076111a774919118c326beb0574f797f7bedb9170331fa3a9057b76b38894b065e156b61ac088c70a007553cc93b1385b4b3d6921062527aba782a04a176e35418a224eee41bcb411158f3c750831097c3dfd26c4dd595e6f7262ea78a89d99cfc490892296f1978b8ebcf614002642e5f67bf4785bcb68a1fa751584454d4775cc2389ca32c2f039807fb249315933feafde4721a66591049628ae411e15f3f594148c675633a02cde879f27ffd8028891765d8690b31cc97648a92a443324531d98e8ab1b34e6ef4902491fe9fb9a82d9d6a8910d67b1107e8e578f0cfa2cea177f1db97aada07ef3ac56674e88dbc7f758f805ef2a2efea6d3e76a2d3ad18ebb63df1e94e7355f14d265af2c711be4fb516c42471ce1f63c0d9e423a6432e4b4c13e006e645629a9b14f96199e372f4ffbfb04a6263be667e98f819a6fe234cc50c310ed2bf986ca092e42f26182ef58b09429622c092031c71c68e3813479c6d479c1d479c5d479c3d479c7d479c03573a742668578a06ae240d5c691ab8122370a546e04a8ec0951e812b418ead04a94ae8328f12684d034e6963a7b48953dab653da8e53daae53da9e53dabe53da815bf53a3606b7d600dc9a03706b0fc0ad84815b0d03b722066e550cdcca786c296359f216939d4696bac5926375f091a56db1e4589de565295b2c3956a72759ba164b8ed5d94996aac55687ce04ed4ad1766779698a165b902b31da9de5a5c9596c41aef468779697a66531072993b2d820e9942c361c3e218b0d8b4dc76249a2fea2b5d5d0f3a9586c607c221613963a0d8b094d9584c58e6543e112b09822f8f42ba61c3ef98a29874abd628aa012af9822c4b42bc6e3c2265d31c54852ae98a06409574c38d2742b262021d98a09449a6ac5f433212ed18ab9813369564c308a242be6a8ae142b469fc5c912ac18364f925ec5b4a3427215d3264953ab183978c812ab18298b49ab62441093aa98606429558c977cbbb38c904ec5e8b4204da662b4c44692542ae636cb245231c79cb069548cc6994ba2623add5a08d557e22786593a5a5f76cd541a1eff57d0394a9ffc1eb7688e52e22401a3691267798a3775c19fff260d633f5cc1886d33775b4fdf0e32800d902f39457819204e1b74affa3ca7d3bfbea1722e069b3aff16b94a7acdd386b96612575028ad1c278633df733e2ce7bdfb8fbfcba65fe93dfd15265f275f8beddcd3b93e3852df3c2fef7ae63bff0cf3b79d7879ce1a3199023f75caa4349b72d2941ee7c783e021c1935d6e485da941a4696394496b647479a20c693e9bd78e6c3672b422238b3ad7cd865437aa0e289286e8e6c291e1bf7e9a1c7aa4e9bf222f0a9e5f67f87037c1c3eee41b67c2e9d54cf5c6a708e4b2efa6f344377a9d14f5cfc726f5efa246221b3130062f95eb98f8aa96bf9da22c5cb40812ea13e3f7757a916ceeb988e749bd58732daa6fe13fbe41390cf00a7a92e6e11cfa392ef6117e4388174daebcb3e503f970f07a9dafd639ee325a3e448c219035bfebf945b61eb6cd47d745e846e6a20bb8992171efbd8e3faec32868da7d2e79875020c866527d4a4ce63227eecc8bd7867425fc051715a81abe660fbc43cb558461d9753c83cfc8a46df845e9135a40fff5a60a6f5243364f043bec47a7215ca47099558cb63efe156b3858befcf83f96294b4942a00000, '6.4.4');

/*!40103 SET TIME_ZONE=IFNULL(@OLD_TIME_ZONE, 'system') */;
/*!40101 SET SQL_MODE=IFNULL(@OLD_SQL_MODE, '') */;
/*!40014 SET FOREIGN_KEY_CHECKS=IFNULL(@OLD_FOREIGN_KEY_CHECKS, 1) */;
/*!40101 SET CHARACTER_SET_CLIENT=@OLD_CHARACTER_SET_CLIENT */;
/*!40111 SET SQL_NOTES=IFNULL(@OLD_SQL_NOTES, 1) */;
